<?xml version="1.0" encoding="UTF-8"?>
<ti:module xmlns:ti="http://ti.appcelerator.org" xmlns:android="http://schemas.android.com/apk/res/android">
	<iphone>
	</iphone>
	<android xmlns:android="http://schemas.android.com/apk/res/android">
		<manifest>
			<uses-permission android:name="android.permission.INTERNET" />
      			<uses-permission android:name="android.permission.READ_PHONE_STATE" />
		    	<uses-permission android:name="android.permission.ACCESS_NETWORK_STATE" />
		    	<uses-permission android:name="android.permission.ACCESS_WIFI_STATE" />
		    	<uses-permission android:name="android.permission.WRITE_EXTERNAL_STORAGE" />
			<application>
  	  			 <activity android:name="com.tapfortap.FullScreenAdActivity" android:theme="@android:style/Theme.Translucent.NoTitleBar"/>
    			</application>
  		</manifest>
	</android>
	<mobileweb>
	</mobileweb>
</ti:module>
